No,Title,category,tier
1,"Boyle: Corporate Computer Security, Global Edition",Related (title match only),weak
2,"Computer Security: Principles and Practice, Global Edition",Related (title match only),weak
3,"Computer Security: Principles and Practice, Global Edition",Directly security-related,direct
4,"Cryptography and Network Security: Principles and Practice, Global Edition",Directly security-related,direct
5,Introduction to Computer Security,Related (title match only),weak
6,"Business Data Networks and Security, Global Edition",Related (title match only),weak
7,"Network Security Essentials: Applications and Standards, Global Edition",Directly security-related,direct
8,Practical Cryptology and Web Security,Related (title match only),weak
9,Security in Computing,Related (title match only),weak
